﻿ADP3,,Sun Blade 150,,59
ADSV,,CATALYST SUNBLADE 2500 TESTER COMPUTER,,1
ADSV,,CATALYST SUNBLADE 2500 USER COMPUTER,,1
ADP3,,Sun 501-5406 Quad Fast Ethernet PCI Adapter,,28
ADP2/ADP3,,MITAC POWER SUPPLY,,8
ADP2/ADP3,,motherboard,,25
ADP2/ADP3,,IDE HDD 120GB,Barracuda,17
ADP2,,SUN POWER SUPPLY,PEX668-31,3
ADP2/ADP3,,DISPLAY CARD,,2
ADP2/ADP3,,IDE HDD 40GB,Barracuda CLONED,1
ADP2/ADP3,,IDE HDD 120GB,Barracuda CLONED,16
ADP2/ADP3,,IDE HDD 120GB,Hitachi Deskstar,1
ADP2/ADP3,,IDE HDD 80GB,Seagate CLONED,12
ADP2/ADP3,,RazorCard,,5
ADP3,,Sun Keyboard,Type 7,18
ADP2,,Sun Keyboard,Type 6,17
ADP2,,Sun Keyboard,Type 5c,1
ADP3,,Sun Mouse,crossbow USB TYPE 7 MOUSE,15
ADP2,,SUN MOUSE,TYPE 6 MOUSE,10
ADP3,,Sun Mouse,crossbow PS2 TYPE 7 MOUSE,2
ADP2/ADP3,,IDE HDD 160GB,WD,2
ADP2/ADP3,,IDE HDD 160GB,CLONED WD,1
ADP2,CTS5010,CTS / CTSQ Workstation,Sun Sparc,9
ADP2,CTS5040/CTS5340,GPIB,,0
ADP2,CTS5010/A565,GPIB,,0
ADP2,CTS5040/CTS5340,GPIB,,0
ADP2,CTS5010/A565,GPIB,,0
ADP2,HP PRODESK ,NI GPIB Card,,0
ADP2,HP PRODESK ,Power Supply,,0
